"time";"S";"I";"R";"pathogen";"c"
0;2843789,4921808;212434,12521413;1943776,38260504;"RV";0
1;2920573,72024755;196568,003542692;1882858,27620973;"RV";0
2;2999732,45113557;183188,281754327;1817079,26711008;"RV";0
3;3078115,68295281;172668,710908535;1749215,60613863;"RV";0
4;3152606,16565898;165376,217599921;1682017,61674108;"RV";0
5;3220044,70583608;161725,532244807;1618229,76191909;"RV";0
6;3277102,22806839;162241,570358014;1560656,20157357;"RV";0
7;3320098,28221221;167628,524678636;1512273,19310912;"RV";0
8;3344785,263874;178831,206488666;1476383,52963731;"RV";0
9;3346166,57636329;197046,74289053;1456786,68074615;"RV";0
10;3318517,97425034;223594,350830603;1457887,67491903;"RV";0
11;3255945,81760323;259482,559914728;1484571,62248201;"RV";0
12;3153954,74297052;304499,068974169;1541546,18805529;"RV";0
13;3012300,79099856;355883,567696897;1631815,64130452;"RV";0
14;2838366,31311106;407334,312772221;1754299,37411669;"RV";0
15;2648603,61239696;449826,639927847;1901569,74767516;"RV";0
16;2465370,06832955;474997,825718081;2059632,10595234;"RV";0
17;2309793,79370632;479189,885841117;2211016,32045253;"RV";0
18;2195310,03542596;464802,319954612;2339887,6446194;"RV";0
19;2125787,94787778;438108,022798;2436104,02932419;"RV";0
20;2097812,63727255;405889,453531143;2496297,90919628;"RV";0
21;2104265,67107686;373268,787229517;2522465,54169359;"RV";0
22;2137145,10644025;343194,949171252;2519659,94438847;"RV";0
23;2189128,01214987;316880,813450229;2493991,17439987;"RV";0
24;2254173,45704923;294471,28133051;2451355,26162024;"RV";0
25;2327579,13316421;275595,254298853;2396825,61253691;"RV";0
26;2405784,12092814;259726,475694379;2334489,40337746;"RV";0
27;2486083,48518376;246386,24596296;2267530,26885326;"RV";0
28;2566341,28699554;235239,053766348;2198419,65923809;"RV";0
29;2644744,17452932;226121,719428946;2129134,10604171;"RV";0
30;2719613,13491347;219033,746801551;2061353,11828496;"RV";0
31;2789275,93964904;214107,701591726;1996616,35875921;"RV";0
32;2851993,80409946;211572,041862888;1936434,15403762;"RV";0
33;2905933,71546699;211712,610554855;1882353,67397813;"RV";0
34;2949182,39198092;214832,420799753;1835985,1872193;"RV";0
35;2979808,51425577;221202,403222125;1798989,08252208;"RV";0
36;2995993,36687426;230990,757858344;1773015,87526737;"RV";0
37;2996259,82501844;244158,546413991;1759581,62856755;"RV";0
38;2979822,92643584;260320,232297434;1759856,8412667;"RV";0
39;2947045,80779998;278595,484013978;1774358,70818602;"RV";0
40;2899903,74360251;297519,921259075;1802576,33513839;"RV";0
41;2842261,1119369;315113,060544766;1842625,8275183;"RV";0
42;2779729,32015447;329174,826956219;1891095,85288928;"RV";0
43;2718987,8839722;337770,051058118;1943242,06496965;"RV";0
44;2666706,80917192;339717,869363519;1993575,32146454;"RV";0
45;2628440,66484723;334856,652851615;2036702,68230113;"RV";0
46;2607881,55063536;323971,931903704;2068146,51746091;"RV";0
47;2606645,05401443;308466,077574688;2084888,86841086;"RV";0
48;2624505,22478134;289957,849394991;2085536,92582364;"RV";0
49;2659858,40382377;269971,705390269;2070169,89078593;"RV";0
50;2710212,97691631;249776,796479465;2040010,2266042;"RV";0
51;2772588,23261074;230353,625020101;1997058,14236913;"RV";0
52;2843789,52582818;212434,152480134;1943776,32169166;"RV";0
53;2920573,70362392;196568,030670617;1882858,26570543;"RV";0
54;2999732,40062956;183188,296684564;1817079,30268585;"RV";0
55;3078115,63006404;172668,721722529;1749215,6482134;"RV";0
56;3152606,11510041;165376,224443588;1682017,66045598;"RV";0
57;3220044,66065002;161725,535992517;1618229,80335743;"RV";0
58;3277102,18831176;162241,573226816;1560656,2384614;"RV";0
59;3320098,24212057;167628,531649391;1512273,22623001;"RV";0
60;3344785,20694274;178831,227461861;1476383,56559537;"RV";0
61;3346166,47093751;197046,793198004;1456786,73586445;"RV";0
62;3318517,89552896;223594,38391203;1457887,72055898;"RV";0
63;3255945,82329608;259482,536570597;1484571,6401333;"RV";0
64;3153954,75613378;304499,060696985;1541546,18316921;"RV";0
65;3012300,78599757;355883,558035362;1631815,65596704;"RV";0
66;2838366,3141448;407334,310422435;1754299,37543274;"RV";0
67;2648603,66356879;449826,623682704;1901569,71274848;"RV";0
68;2465370,10562567;474997,825205791;2059632,06916851;"RV";0
69;2309793,82224419;479189,879330557;2211016,29842522;"RV";0
70;2195310,07312437;464802,311564755;2339887,61531084;"RV";0
71;2125787,96190855;438108,028398206;2436104,00969322;"RV";0
72;2097812,64147786;405889,461057044;2496297,89746507;"RV";0
73;2104265,67363072;373268,794910202;2522465,53145906;"RV";0
74;2137145,09608168;343194,954998134;2519659,94892016;"RV";0
75;2189127,99870692;316880,819514164;2493991,1817789;"RV";0
76;2254173,43246286;294471,285118784;2451355,28241833;"RV";0
77;2327579,13890807;275595,261396979;2396825,59969492;"RV";0
78;2405784,10260803;259726,47783441;2334489,41955753;"RV";0
79;2486083,46997458;246386,246679258;2267530,28334614;"RV";0
80;2566341,27437716;235239,053607655;2198419,67201516;"RV";0
81;2644744,16449691;226121,718090055;2129134,11741301;"RV";0
82;2719613,12823489;219033,745638783;2061353,1261263;"RV";0
83;2789275,93616411;214107,699226358;1996616,36460951;"RV";0
84;2851993,80251134;211572,040213331;1936434,15727531;"RV";0
85;2905933,71646668;211712,608450683;1882353,67508261;"RV";0
86;2949182,3947332;214832,418535349;1835985,18673142;"RV";0
87;2979808,51728615;221202,401908219;1798989,0808056;"RV";0
88;2995993,37266454;230990,756105028;1773015,8712304;"RV";0
89;2996259,83111391;244158,544629791;1759581,62425627;"RV";0
90;2979822,93009315;260320,23177596;1759856,83813086;"RV";0
91;2947045,81314443;278595,483728974;1774358,70312658;"RV";0
92;2899903,75125244;297519,919284849;1802576,32946268;"RV";0
93;2842261,10751;315113,063079034;1842625,82941094;"RV";0
94;2779729,32653889;329174,827986553;1891095,84547453;"RV";0
95;2718987,88122157;337770,050629251;1943242,06814915;"RV";0
96;2666706,80967691;339717,872542152;1993575,31778091;"RV";0
97;2628440,66758218;334856,648283158;2036702,68413463;"RV";0
98;2607881,54206451;323971,938212445;2068146,51972302;"RV";0
99;2606645,053365;308466,077427616;2084888,86920736;"RV";0
100;2624505,23914219;289957,845308494;2085536,91554929;"RV";0
101;2659858,39759792;269971,704235108;2070169,89816695;"RV";0
102;2710212,95792236;249776,795197648;2040010,24687997;"RV";0
103;2772588,21874198;230353,621741302;1997058,1595167;"RV";0
104;2843789,51811319;212434,148828337;1943776,33305845;"RV";0
105;2920573,70045983;196568,02700323;1882858,27253692;"RV";0
106;2999732,40094227;183188,292890574;1817079,30616713;"RV";0
107;3078115,63320874;172668,717562755;1749215,64922848;"RV";0
108;3152606,12058853;165376,219793134;1682017,65961831;"RV";0
109;3220044,66770722;161725,531063127;1618229,80122963;"RV";0
110;3277102,19506597;162241,568943085;1560656,23599092;"RV";0
111;3320098,24401267;167628,530412784;1512273,22557452;"RV";0
112;3344785,19401782;178831,234367179;1476383,57161498;"RV";0
113;3346166,425092;197046,816698967;1456786,75820901;"RV";0
114;3318517,86185887;223594,398723992;1457887,73941712;"RV";0
115;3255945,8516115;259482,521023576;1484571,6273649;"RV";0
116;3153954,77039491;304499,061645035;1541546,16796003;"RV";0
117;3012300,79170026;355883,551040467;1631815,65725924;"RV";0
118;2838366,30707078;407334,311279859;1754299,38164934;"RV";0
119;2648603,64460476;449826,628120213;1901569,72727501;"RV";0
120;2465370,10086349;474997,822291466;2059632,07684502;"RV";0
121;2309793,82512646;479189,873800893;2211016,30107262;"RV";0
122;2195310,07277601;464802,311934561;2339887,61528941;"RV";0
123;2125787,95859308;438108,029809024;2436104,01159787;"RV";0
124;2097812,64414011;405889,460831342;2496297,89502852;"RV";0
125;2104265,67276727;373268,794564222;2522465,53266848;"RV";0
126;2137145,0952507;343194,955267388;2519659,94948188;"RV";0
127;2189128,0002157;316880,819983348;2493991,17980093;"RV";0
128;2254173,43472919;294471,286330393;2451355,27894039;"RV";0
129;2327579,14895097;275595,260999589;2396825,59004942;"RV";0
130;2405784,1024724;259726,478035297;2334489,41949228;"RV";0
131;2486083,46879768;246386,246461875;2267530,28474042;"RV";0
132;2566341,27465596;235239,053802131;2198419,67154189;"RV";0
133;2644744,16425779;226121,718165088;2129134,11757709;"RV";0
134;2719613,12882709;219033,746105423;2061353,12506747;"RV";0
135;2789275,9368489;214107,698595034;1996616,36455604;"RV";0
136;2851993,80239456;211572,040731528;1936434,15687388;"RV";0
137;2905933,71656589;211712,60892532;1882353,67450877;"RV";0
138;2949182,39588513;214832,417691355;1835985,18642349;"RV";0
139;2979808,51536441;221202,402699445;1798989,08193613;"RV";0
140;2995993,37303177;230990,756519716;1773015,8704485;"RV";0
141;2996259,83444624;244158,543165764;1759581,62238797;"RV";0
142;2979822,92667108;260320,232061926;1759856,84126697;"RV";0
143;2947045,80919506;278595,486380929;1774358,70442398;"RV";0
144;2899903,75694117;297519,918267379;1802576,32479143;"RV";0
145;2842261,10343474;315113,062256289;1842625,83430895;"RV";0
146;2779729,3252052;329174,83149129;1891095,84330349;"RV";0
147;2718987,88688582;337770,049136964;1943242,0639772;"RV";0
148;2666706,80632738;339717,874289348;1993575,31938325;"RV";0
149;2628440,66920017;334856,647325144;2036702,68347466;"RV";0
150;2607881,53121224;323971,945126613;2068146,52366112;"RV";0
151;2606645,0827813;308466,065691749;2084888,85152692;"RV";0
152;2624505,24127463;289957,84275159;2085536,91597376;"RV";0
153;2659858,36351064;269971,707647736;2070169,9288416;"RV";0
154;2710212,90835508;249776,799512179;2040010,29213272;"RV";0
155;2772588,17417018;230353,622129876;1997058,20369992;"RV";0
156;2843789,48930991;212434,145289266;1943776,3654008;"RV";0
157;2920573,6839659;196568,021379149;1882858,29465493;"RV";0
158;2999732,39299892;183188,286186967;1817079,32081409;"RV";0
159;3078115,63027215;172668,710235834;1749215,659492;"RV";0
160;3152606,11945674;165376,212032108;1682017,66851113;"RV";0
161;3220044,66541988;161725,523008696;1618229,8115714;"RV";0
162;3277102,18863093;162241,560864664;1560656,25050438;"RV";0
163;3320098,22997393;167628,522914191;1512273,24711186;"RV";0
164;3344785,1679221;178831,228685382;1476383,60339249;"RV";0
165;3346166,38125159;197046,814947034;1456786,80380135;"RV";0
166;3318517,82400108;223594,419603464;1457887,75639543;"RV";0
167;3255945,85803361;259482,514129615;1484571,62783675;"RV";0
168;3153954,76903042;304499,060627254;1541546,1703423;"RV";0
169;3012300,79997174;355883,546132791;1631815,65389544;"RV";0
170;2838366,31686382;407334,301447435;1754299,38168872;"RV";0
171;2648603,63395032;449826,629040676;1901569,73700898;"RV";0
172;2465370,10117387;474997,817364251;2059632,08146185;"RV";0
173;2309793,83212336;479189,869908512;2211016,2979681;"RV";0
174;2195310,07447318;464802,314033991;2339887,6114928;"RV";0
175;2125787,95902126;438108,031569618;2436104,0094091;"RV";0
176;2097812,64804707;405889,461471523;2496297,89048138;"RV";0
177;2104265,67149173;373268,795423101;2522465,53308514;"RV";0
178;2137145,09469141;343194,956241062;2519659,9490675;"RV";0
179;2189128,00044776;316880,820889464;2493991,17866275;"RV";0
180;2254173,43673753;294471,288189247;2451355,2750732;"RV";0
181;2327579,15322176;275595,260171523;2396825,58660669;"RV";0
182;2405784,10098675;259726,478581155;2334489,42043207;"RV";0
183;2486083,46625512;246386,246387261;2267530,2873576;"RV";0
184;2566341,27373061;235239,053918002;2198419,67235136;"RV";0
185;2644744,16299753;226121,718276475;2129134,11872597;"RV";0
186;2719613,12851555;219033,745903122;2061353,1255813;"RV";0
187;2789275,93652736;214107,698513934;1996616,36495868;"RV";0
188;2851993,80240207;211572,040381316;1936434,15721658;"RV";0
189;2905933,7163112;211712,609109389;1882353,67457939;"RV";0
190;2949182,39636408;214832,417386791;1835985,1862491;"RV";0
191;2979808,5155431;221202,402405307;1798989,08205156;"RV";0
192;2995993,37232103;230990,756979114;1773015,87069983;"RV";0
193;2996259,83549717;244158,5429531;1759581,62154971;"RV";0
194;2979822,92713752;260320,231652196;1759856,84121026;"RV";0
195;2947045,80761205;278595,486974341;1774358,70541358;"RV";0
196;2899903,75893896;297519,918964449;1802576,32209656;"RV";0
197;2842261,10793407;315113,059673018;1842625,83239288;"RV";0
198;2779729,32143725;329174,832273258;1891095,84628947;"RV";0
199;2718987,89387744;337770,049197363;1943242,05692518;"RV";0
200;2666706,8043638;339717,871547295;1993575,32408888;"RV";0
201;2628440,66781371;334856,651266563;2036702,6809197;"RV";0
202;2607881,52914953;323971,945515521;2068146,52533493;"RV";0
203;2606645,09440159;308466,060734468;2084888,84486392;"RV";0
204;2624505,22900772;289957,845275778;2085536,92571648;"RV";0
205;2659858,34407645;269971,71170505;2070169,94421848;"RV";0
206;2710212,88963738;249776,803660357;2040010,30670224;"RV";0
207;2772588,15457416;230353,625491778;1997058,21993404;"RV";0
208;2843789,47527755;212434,146195946;1943776,37852648;"RV";0
209;2920573,67464822;196568,02072663;1882858,30462513;"RV";0
210;2999732,38680602;183188,284776695;1817079,32841727;"RV";0
211;3078115,62530687;172668,708641247;1749215,66605186;"RV";0
212;3152606,11384479;165376,21056088;1682017,67559431;"RV";0
213;3220044,65761246;161725,521664848;1618229,82072267;"RV";0
214;3277102,17785947;162241,559182393;1560656,26295811;"RV";0
215;3320098,2172065;167628,519499236;1512273,26329424;"RV";0
216;3344785,15775143;178831,220371373;1476383,62187718;"RV";0
217;3346166,38451546;197046,796036314;1456786,81944821;"RV";0
218;3318517,85821671;223594,383436949;1457887,75834632;"RV";0
219;3255945,91090074;259482,497207229;1484571,59189201;"RV";0
220;3153954,75069511;304499,064508614;1541546,18479625;"RV";0
221;3012300,81083378;355883,548463662;1631815,64070253;"RV";0
222;2838366,33526577;407334,286818497;1754299,37791571;"RV";0
223;2648603,62426583;449826,629884461;1901569,74584968;"RV";0
224;2465370,0958031;474997,814564517;2059632,08963236;"RV";0
225;2309793,83215998;479189,869284778;2211016,29855522;"RV";0
226;2195310,06985723;464802,317375609;2339887,61276714;"RV";0
227;2125787,95778161;438108,032047858;2436104,01017051;"RV";0
228;2097812,65052745;405889,460816803;2496297,88865572;"RV";0
229;2104265,66953374;373268,795466501;2522465,53499973;"RV";0
230;2137145,09604598;343194,956551439;2519659,94740256;"RV";0
231;2189128,00196024;316880,82071494;2493991,1773248;"RV";0
232;2254173,44156172;294471,28911932;2451355,26931894;"RV";0
233;2327579,15468392;275595,25850192;2396825,58681414;"RV";0
234;2405784,10088497;259726,479199085;2334489,41991592;"RV";0
235;2486083,46461525;246386,246399686;2267530,28898504;"RV";0
236;2566341,27329586;235239,054080842;2198419,67262328;"RV";0
237;2644744,16219935;226121,718481751;2129134,11931887;"RV";0
238;2719613,12820694;219033,745706066;2061353,12608696;"RV";0
239;2789275,93607094;214107,69858165;1996616,36534738;"RV";0
240;2851993,80226131;211572,040121487;1936434,15761717;"RV";0
241;2905933,71596106;211712,609198192;1882353,67484072;"RV";0
242;2949182,39645207;214832,417290955;1835985,18625695;"RV";0
243;2979808,51576219;221202,402123274;1798989,08211451;"RV";0
244;2995993,37173021;230990,757200375;1773015,87106939;"RV";0
245;2996259,83617018;244158,542842595;1759581,6209872;"RV";0
246;2979822,92787744;260320,231324002;1759856,84079853;"RV";0
247;2947045,8070801;278595,486948966;1774358,70597091;"RV";0
248;2899903,75950151;297519,919208469;1802576,32129;"RV";0
249;2842261,11084915;315113,058342991;1842625,83080783;"RV";0
250;2779729,3173299;329174,832941001;1891095,84972907;"RV";0
251;2718987,89709373;337770,049435236;1943242,05347101;"RV";0
252;2666706,80317438;339717,869497144;1993575,32732845;"RV";0
253;2628440,66695785;334856,653536556;2036702,67950557;"RV";0
254;2607881,52892917;323971,945383251;2068146,52568755;"RV";0
255;2606645,09710777;308466,059494864;2084888,84339734;"RV";0
256;2624505,22179896;289957,847085767;2085536,93111524;"RV";0
257;2659858,33673931;269971,713647178;2070169,94961348;"RV";0
258;2710212,88471828;249776,80512292;2040010,31015877;"RV";0
259;2772588,1488967;230353,62693919;1997058,22416408;"RV";0
260;2843789,47098905;212434,146840739;1943776,38217019;"RV";0
261;2920573,67161888;196568,020823185;1882858,30755792;"RV";0
262;2999732,38459563;183188,284605151;1817079,3307992;"RV";0
263;3078115,62331653;172668,708425165;1749215,66825828;"RV";0
264;3152606,11145286;165376,210428122;1682017,67811899;"RV";0
265;3220044,65431322;161725,521615688;1618229,82407107;"RV";0
266;3277102,17347559;162241,559007918;1560656,26751647;"RV";0
267;3320098,21232673;167628,51857198;1512273,26910127;"RV";0
268;3344785,15458942;178831,217254683;1476383,62815587;"RV";0
269;3346166,38812659;197046,788098643;1456786,82377474;"RV";0
270;3318517,87679689;223594,36746516;1457887,75573792;"RV";0
271;3255945,93848389;259482,488487479;1484571,5730286;"RV";0
272;3153954,73696057;304499,067062519;1541546,19597689;"RV";0
273;3012300,81575034;355883,550174419;1631815,63407522;"RV";0
274;2838366,34555461;407334,279593625;1754299,37485174;"RV";0
275;2648603,62483125;449826,628715151;1901569,74645358;"RV";0
276;2465370,09485106;474997,813977162;2059632,09117175;"RV";0
277;2309793,83169193;479189,870220182;2211016,29808786;"RV";0
278;2195310,06768337;464802,318964698;2339887,61335191;"RV";0
279;2125787,95764646;438108,032054495;2436104,01029902;"RV";0
280;2097812,65112145;405889,460536932;2496297,8883416;"RV";0
281;2104265,66865926;373268,795606162;2522465,53573455;"RV";0
282;2137145,0968232;343194,956688159;2519659,94648861;"RV";0
283;2189128,00238681;316880,820523101;2493991,17709006;"RV";0
284;2254173,44350317;294471,289178418;2451355,26731838;"RV";0
285;2327579,15304745;275595,257871287;2396825,58908124;"RV";0
286;2405784,10077604;259726,47953319;2334489,41969074;"RV";0
287;2486083,46379417;246386,246457129;2267530,28974868;"RV";0
288;2566341,27287062;235239,054148332;2198419,67298102;"RV";0
289;2644744,16171116;226121,71855946;2129134,11972936;"RV";0
290;2719613,12790233;219033,745601575;2061353,12649607;"RV";0
291;2789275,93576852;214107,698590029;1996616,36564143;"RV";0
292;2851993,80212728;211572,039995479;1936434,15787722;"RV";0
293;2905933,7157982;211712,609187808;1882353,67501397;"RV";0
294;2949182,39648334;214832,417223267;1835985,18629337;"RV";0
295;2979808,51589619;221202,401979149;1798989,08212464;"RV";0
296;2995993,37159257;230990,757232873;1773015,87117454;"RV";0
297;2996259,83647408;244158,542778423;1759581,62074747;"RV";0
298;2979822,92828147;260320,231178121;1759856,84054039;"RV";0
299;2947045,80704233;278595,486886883;1774358,70607076;"RV";0
300;2899903,75972155;297519,91923021;1802576,32104822;"RV";0
301;2842261,11192063;315113,057926243;1842625,83015311;"RV";0
302;2779729,31596508;329174,833166749;1891095,85086815;"RV";0
303;2718987,89809762;337770,049555494;1943242,05234686;"RV";0
304;2666706,8028155;339717,86883995;1993575,32834452;"RV";0
305;2628440,66666551;334856,654300965;2036702,67903351;"RV";0
306;2607881,52929103;323971,945102817;2068146,52560613;"RV";0
307;2606645,0975668;308466,059269003;2084888,84316418;"RV";0
308;2624505,21936365;289957,847735682;2085536,93290064;"RV";0
309;2659858,33467617;269971,714244281;2070169,95107953;"RV";0
310;2710212,88369594;249776,805447697;2040010,31085634;"RV";0
311;2772588,14765324;230353,62729301;1997058,22505373;"RV";0
312;2843789,47002215;212434,147016382;1943776,38296144;"RV";0
313;2920573,67091378;196568,020873002;1882858,30821319;"RV";0
314;2999732,38406098;183188,284593406;1817079,3313456;"RV";0
315;3078115,62281893;172668,708405504;1749215,66877554;"RV";0
316;3152606,11085027;165376,210431831;1682017,67871788;"RV";0
317;3220044,65349028;161725,521642377;1618229,82486732;"RV";0
318;3277102,17239826;162241,559004236;1560656,26859748;"RV";0
319;3320096,66061531;167630,077260816;1512273,26212385;"RV";0,025
320;3339875,57478843;182309,042279221;1477815,38293233;"RV";-0,0167857142857143
321;3342325,56590297;197855,77560916;1459818,65848784;"RV";0,0153571428571429
322;3310599,61341464;227087,626948845;1462312,75963649;"RV";0,0264285714285714
323;3237775,53947452;268586,164206935;1493638,29631852;"RV";0,0210714285714286
324;3122436,9304483;318476,259244874;1559086,8103068;"RV";-0,252142857142857
325;3071903,29766013;299112,415971564;1628984,28636828;"RV";-0,468214285714286
326;3107715,45155829;236736,482374357;1655548,06606733;"RV";-0,506785714285714
327;3180888,6554258;186224,388028738;1632886,95654544;"RV";-0,515357142857143
328;3272163,6714864;150089,855407907;1577746,47310567;"RV";-0,515357142857143
329;3370743,65111921;124959,212397796;1504297,13648297;"RV";-0,480357142857143
330;3464732,95442817;111339,274738175;1423927,77083363;"RV";-0,452857142857143
331;3550004,49885828;104984,630339035;1345010,87080266;"RV";-0,413214285714286
332;3621148,87642126;105664,462369553;1273186,66120917;"RV";-0,388928571428571
333;3677073,28059939;110677,453518894;1212249,26588169;"RV";-0,360357142857143
334;3715262,19670684;120209,861953874;1164527,94133926;"RV";-0,305
335;3727927,09544169;138249,282783044;1133823,62177524;"RV";-0,284642857142857
336;3717197,54005319;159707,307555297;1123095,15239149;"RV";-0,263214285714286
337;3683850,35024821;183690,129409907;1132459,52034186;"RV";-0,231428571428571
338;3627278,6939633;210819,768452227;1161901,53758445;"RV";-0,229285714285714
339;3559376,69033311;232504,565012726;1208118,74465415;"RV";-0,227142857142857
340;3490030,10082135;246402,544065272;1263567,35511336;"RV";-0,21
341;3422921,75786157;255264,773141275;1321813,46899713;"RV";-0,202857142857143
342;3365261,00752764;257221,870374787;1377517,12209754;"RV";-0,207857142857143
343;3323915,3744211;251289,414895307;1424795,21068357;"RV";-0,201071428571429
344;3297242,07708282;242492,328156199;1460265,59476096;"RV";-0,226071428571429
345;3291688,5785664;227014,392441394;1481297,02899218;"RV";-0,201785714285714
346;3294058,77601257;216698,579546519;1489242,64444089;"RV";-0,202857142857143
347;3304135,52622011;207646,439038125;1488218,03474174;"RV";-0,199642857142857
348;3317575,75564858;201409,82973778;1481014,41461361;"RV";-0,185
349;3328074,75525294;200260,617832494;1471664,62691454;"RV";-0,225357142857143
350;3344569,31207077;194805,822356773;1460624,86557243;"RV";-0,201785714285714
351;3354359,26574134;196291,754786875;1449348,97947176;"RV";-0,207142857142857
352;3359522,56710649;199219,980373213;1441257,45252027;"RV";-0,21
353;3359368,64165772;203495,946856266;1437135,41148599;"RV";-0,22
354;3356229,61028805;207016,320153891;1436754,06955804;"RV";-0,274285714285714
355;3364018,07846119;200780,44883115;1435201,47270764;"RV";-0,236071428571429
356;3366308,55673976;201834,433900455;1431857,00935976;"RV";-0,225357142857143
357;3365872,54340995;203869,293649017;1430258,16294101;"RV";-0,245
358;3371270,60611562;200462,608632231;1428266,78525212;"RV";-0,253928571428571
359;3384332,38443453;193455,991679902;1422211,62388554;"RV";-0,262857142857143
360;3407232,20973632;183102,765614052;1409665,0246496;"RV";-0,271428571428571
361;3440967,6219852;170111,939980817;1388920,43803396;"RV";-0,266428571428571
362;3483012,52285851;157086,333129925;1359901,14401154;"RV";-0,271785714285714
363;3533790,4571594;143078,795035039;1323130,74780554;"RV";-0,273928571428571
364;3591652,86430033;129173,583368834;1279173,55233081;"RV";-0,358928571428571
365;3666071,67183669;108171,786334028;1225756,54182925;"RV";-0,442857142857143
366;3755341,3829916;84570,0385790884;1160088,57842928;"RV";-0,368928571428571
367;3841845,10546253;70988,4500842042;1087166,44445324;"RV";-0,392142857142857
368;3928544,74643118;59088,7553209052;1012366,49824789;"RV";-0,395
369;4012361,48822065;49885,9793110827;937752,532468244;"RV";-0,395357142857143
370;4091603,91504977;43029,7876071573;865366,297343046;"RV";-0,383928571428571
371;4164560,40588528;38549,7487597167;796889,845354981;"RV";-0,363571428571429
372;4229817,5037834;36397,2743499254;733785,221866652;"RV";-0,353571428571429
373;4286868,29726704;36039,8770559612;677091,825676974;"RV";-0,312857142857143
374;4333055,55595677;38859,3702229991;628085,073820199;"RV";-0,308928571428571
375;4367941,92544696;43971,7591062825;588086,315446727;"RV";-0,279285714285714
376;4387276,47566905;53841,3089915243;558882,215339403;"RV";-0,268928571428571
377;4386903,75373674;69560,5162319555;543535,730031275;"RV";-0,254642857142857
378;4358752,09294602;94641,0236444706;546606,883409477;"RV";-0,271428571428571
379;4297584,88587472;128807,075455963;573608,038669286;"RV";-0,303571428571429
380;4202502,09238419;169244,731584684;628253,176031093;"RV";-0,297142857142857
381;4063174,63094123;221928,563083653;714896,805975092;"RV";-0,299285714285714
382;3880340,84681391;281628,414128802;838030,739057264;"RV";-0,284285714285714
383;3655208,34922882;346272,686791169;998518,963979981;"RV";-0,269285714285714
384;3403629,90507419;404754,557095284;1191615,5378305;"RV";-0,246785714285714
385;3148026,64019308;447607,946153805;1404365,41365308;"RV";-0,2325
386;2921530,61712224;462567,53754574;1615901,84533199;"RV";-0,255357142857143
387;2766308,64283709;436727,221796876;1796964,13536601;"RV";-0,198571428571429
388;2655196,9856707;410052,467177707;1934750,54715157;"RV";-0,1925
389;2600543,28467826;370986,719249481;2028469,99607222;"RV";-0,173214285714286
390;2590337,66326176;331300,586631752;2078361,75010646;"RV";-0,184285714285714
391;2622874,57310493;288931,167131457;2088194,25976358;"RV";-0,1925
392;2687572,07708724;249422,402670738;2063005,52024199;"RV";-0,162142857142857
393;2766137,08969129;220879,974509202;2012982,93579948;"RV";-0,157142857142857
394;2854396,69265455;197895,275800507;1947708,03154492;"RV";-0,150357142857143
395;2946032,76741472;180414,813270204;1873552,41931505;"RV";-0,1475
396;3036876,35239403;167453,024533857;1795670,62307208;"RV";-0,16
397;3125843,35559735;156865,686600981;1717290,95780164;"RV";-0,141785714285714
398;3205592,03446552;152389,130112436;1642018,83542202;"RV";-0,132857142857143
399;3273476,92635398;152616,300899435;1573906,77274656;"RV";-0,129642857142857
400;3327432,792405;156886,155046824;1515681,05254815;"RV";-0,115
401;3362784,41167314;166962,743277976;1470252,84504886;"RV";-0,158214285714286
402;3388309,20318708;174341,101915901;1437349,69489699;"RV";-0,129285714285714
403;3392338,75691673;189864,192052675;1417797,05103057;"RV";-0,127142857142857
404;3375999,54617987;209084,491556914;1414915,96226319;"RV";-0,128928571428571
405;3340620,99815207;230270,628939451;1429108,37290845;"RV";-0,118571428571429
406;3285436,62429763;254218,027047806;1460345,34865453;"RV";-0,176785714285714
407;3235893,4649289;262796,670960421;1501309,86411065;"RV";-0,13
408;3173879,72852677;278491,918229021;1547628,35324418;"RV";-0,126071428571429
409;3111454,26713717;289118,079628882;1599427,65323392;"RV";-0,134285714285714
410;3059735,75343237;290300,730711229;1649963,51585637;"RV";-0,148928571428571
411;3028053,32914783;280953,824073886;1690992,84677826;"RV";-0,146785714285714
412;3016210,33697525;266526,351093356;1717263,31193137;"RV";-0,138571428571429
413;3022658,75461045;249824,006535889;1727517,23885363;"RV";-0,134285714285714
414;3046646,85251309;231356,095369809;1721997,05211708;"RV";-0,146785714285714
415;3089500,42746463;209942,390651873;1700557,18188347;"RV";-0,115
416;3140073,61608193;193706,195999766;1666220,18791828;"RV";-0,209285714285714
417;3216093,65279665;166328,477366048;1617577,86983727;"RV";-0,345714285714286
418;3322265,54962129;129828,678001611;1547905,77237707;"RV";-0,308928571428571
419;3432563,69975981;105605,25286705;1461831,04737311;"RV";-0,303928571428571
420;3543395,80772712;87827,0072731883;1368777,18499967;"RV";-0,2975
421;3650573,89841995;75146,2648334296;1274279,83674659;"RV";-0,261785714285714
422;3748882,12904123;68170,0090137126;1182947,86194504;"RV";-0,242857142857143
423;3836682,375425;65044,8404574714;1098272,7841175;"RV";-0,206785714285714
424;3910326,69360574;66691,3903803703;1022981,91601387;"RV";-0,216785714285714
425;3970399,75824957;70719,2021465924;958881,039603808;"RV";-0,227857142857143
426;4015689,77182432;77546,9691269199;906763,259048737;"RV";-0,196428571428571
427;4038745,25779811;91861,4632732706;869393,278928593;"RV";-0,202142857142857
428;4036488,84226403;112718,896559632;850792,261176312;"RV";-0,191785714285714
429;3999386,59065761;144651,326199099;855962,083143266;"RV";-0,181785714285714
430;3915623,58401824;191556,699946737;892819,716034998;"RV";-0,175714285714286
431;3773539,51617643;255449,029794211;971011,454029329;"RV";-0,160357142857143
432;3561840,54757875;337597,571267685;1100561,88115354;"RV";-0,171071428571429
433;3299616,37161402;417596,806885942;1282786,82150001;"RV";-0,193214285714286
434;3030838,46350675;470083,130996694;1499078,40549653;"RV";-0,114642857142857
435;2740562,83408725;524511,533096978;1734925,63281575;"RV";-0,0932142857142857
436;2484209,69502534;542769,742645294;1973020,56232934;"RV";-0,0807142857142857
437;2296237,83182597;522514,131154171;2181248,03701983;"RV";-0,0921428571428572
438;2195784,93927223;470639,613019903;2333575,44770784;"RV";-0,111785714285714
439;2176102,7527843;405433,454767774;2418463,7924479;"RV";-0,0621428571428571
440;2197070,65565276;356481,961645216;2446447,382702;"RV";-0,0725
441;2257552,49714049;310576,5957361;2431870,90712339;"RV";-0,06
442;2340109,08520719;274489,463120506;2385401,45167228;"RV";-0,0589285714285714
443;2437071,28499126;245277,03666185;2317651,67834686;"RV";-0,0767857142857143
444;2545292,9800425;219436,595563186;2235270,42439429;"RV";-0,0717857142857143
445;2655739,09594296;200116,451735871;2144144,45232115;"RV";-0,0639285714285714
446;2762972,51832365;186649,387133966;2050378,09454236;"RV";-0,0675
447;2865089,93792752;176792,292451551;1958117,7696209;"RV";-0,0660714285714286
448;2958851,2126364;170868,542663568;1870280,2447;"RV";-0,0867857142857143
449;3045727,62367312;165949,474919105;1788322,90140775;"RV";-0,0675
450;3118171,22835811;167251,737798819;1714577,03384304;"RV";-0,0517857142857143
451;3172469,39679364;174471,722497748;1653058,88070858;"RV";-0,0514285714285714
452;3207823,24857752;185761,321206959;1606415,4302155;"RV";-0,0339285714285714
453;3218411,51229022;204102,043530335;1577486,44417942;"RV";-0,0728571428571429
454;3214411,77480718;219653,670584691;1565934,5546081;"RV";-0,0442857142857143
455;3183880,82037173;243899,055177719;1572220,12445053;"RV";-0,0546428571428571
456;3134132,43913875;268060,979035426;1597806,5818258;"RV";-0,0464285714285714
457;3064933,76032636;293931,928995347;1641134,31067826;"RV";-0,0328571428571429
458;2978949,32678609;320054,709308191;1700995,9639057;"RV";-0,1075
459;2914629,10726877;320706,491057352;1764664,40167386;"RV";0
460;2827708,02825789;342026,911417641;1830265,06032444;"RV";0
461;2745778,06123441;352798,856941492;1901423,08182408;"RV";0
462;2679966,7836791;351885,305518113;1968147,91080276;"RV";0
463;2637754,18274797;340518,237684607;2021727,57956739;"RV";0
464;2622328,12436712;321464,777943621;2056207,09768923;"RV";0
465;2633201,83116446;297934,241429816;2068863,9274057;"RV";0
466;2667411,80872419;272767,858659099;2059820,33261668;"RV";0
467;2720678,56776959;248091,471462462;2031229,96076792;"RV";0
468;2788249,99358603;225316,437882652;1986433,5685313;"RV";0
469;2865403,15527932;205302,395962048;1929294,4487586;"RV";0
470;2947685,0560849;188550,078391164;1863764,86552391;"RV";0
471;3030981,88929667;175365,919935999;1793652,19076731;"RV";0
472;3111479,72381012;165988,627595139;1722531,64859472;"RV";0
473;3185550,23402493;160688,713383325;1653761,05259172;"RV";0
474;3249575,23911083;159855,295328226;1590569,46556091;"RV";0
475;3299717,12373313;164078,211402086;1536204,66486476;"RV";0
476;3331653,4299642;174219,216671746;1494127,35336402;"RV";0
477;3340335,92352529;191438,157709249;1468225,91876543;"RV";0
478;3319931,06127097;217088,217782285;1462980,72094672;"RV";0
479;3264266,35679223;252319,347630706;1483414,29557704;"RV";0
480;3168284,9668677;297189,269946541;1534525,76318573;"RV";0
481;3030884,38819553;349278,837421539;1619836,7743829;"RV";0
482;2858539,87003125;402493,09107862;1738967,03889011;"RV";0
483;2667284,55815957;447597,456441222;1885117,98539919;"RV";0
484;2479989,40760933;475543,697025144;2044466,8953655;"RV";0
485;2319073,52921775;481877,385985837;2199049,08479639;"RV";0
486;2199361,2736623;468570,165875311;2332068,56046236;"RV";0
487;2125633,52170601;441966,970798492;2432399,50749547;"RV";0
488;2094794,99214106;409201,313365496;2496003,69449342;"RV";0
489;2099646,7356734;375759,610016771;2524593,65430981;"RV";0
490;2131930,19122537;344842,171766565;2523227,63700804;"RV";0
491;2184032,23699675;317792,661682682;2498175,10132054;"RV";0
492;2249654,65381297;294803,262464591;2455542,08372241;"RV";0
493;2323890,26238511;275504,76487785;2400604,97273702;"RV";0
494;2403026,00458988;259352,291510139;2337621,70389995;"RV";0
495;2484250,72215774;245841,577474307;2269907,70036792;"RV";0
496;2565359,61213168;234611,16792971;2200029,21993859;"RV";0
497;2644499,47691561;225474,489632187;2130026,03345218;"RV";0
498;2719972,75466005;218411,466674792;2061615,77866513;"RV";0
499;2790103,25213387;213539,342847625;1996357,40501848;"RV";0
500;2853157,21062335;211075,362407781;1935767,42696885;"RV";0
501;2907311,31322751;211297,85894179;1881390,82783068;"RV";0
502;2950663,64573847;214505,278125579;1834831,07613593;"RV";0
503;2981294,23948661;220966,032749618;1797739,72776375;"RV";0
504;2997395,27198371;230846,80805129;1771757,91996498;"RV";0
505;2997500,80200206;244106,965358389;1758392,23263952;"RV";0
506;2980839,20267105;260357,914376062;1758802,88295287;"RV";0
507;2947791,27985402;278714,133840847;1773494,58630511;"RV";0
508;2900355,61839081;297704,036515296;1801940,34509387;"RV";0
509;2842424,92533663;315339,384186361;1842235,69047698;"RV";0
510;2779639,69419326;329414,793844545;1890945,51196217;"RV";0
511;2718702,83474479;337994,918962842;1943302,24629235;"RV";0
512;2666296,64769212;339904,675507586;1993798,67680027;"RV";0
513;2627975,08852675;334992,444828769;2037032,46664445;"RV";0
514;2607418,93981662;324054,453079054;2068526,6071043;"RV";0
515;2606227,12467828;308501,292777691;2085271,58254401;"RV";0
516;2624156,45916634;289956,236464634;2085887,304369;"RV";0
517;2659588,87683926;269944,781902441;2070466,34125828;"RV";0
518;2710022,42780786;249734,845076965;2040242,72711515;"RV";0
519;2772469,94306586;230304,671912468;1997225,38502165;"RV";0
520;2843733,41250471;212383,809867051;1943882,77762821;"RV";0
0;3088474,60133347;9,54146562877578;1911515,85720091;"IAV";0
1;3136106,94510007;7,93660861107748;1863885,11829133;"IAV";0
2;3182553,4596284;6,91148262018313;1817439,62888899;"IAV";0
3;3227843,08687099;6,32317716176562;1772150,58995186;"IAV";0
4;3272004,14169346;6,09677938302197;1727989,76152717;"IAV";0
5;3315064,24904053;6,21255959119336;1684929,53839989;"IAV";0
6;3357050,27985456;6,70582180327985;1642943,01432364;"IAV";0
7;3397988,26413841;7,68118975911478;1602004,05467184;"IAV";0
8;3437903,24841328;9,34844725647825;1562087,40313948;"IAV";0
9;3476819,03906051;12,0965814087569;1523168,86435809;"IAV";0
10;3514757,71794523;16,6417440979922;1485225,64031068;"IAV";0
11;3551738,69768811;24,3258691450367;1448236,97644275;"IAV";0
12;3587776,8290287;37,7313810472365;1412185,43959026;"IAV";0
13;3622878,50480853;61,9785735496954;1377059,51661793;"IAV";0
14;3657033,42015781;107,533203254835;1342859,04663894;"IAV";0
15;3690196,71864551;196,417473635546;1309606,86388086;"IAV";0
16;3722249,4091739;376,228345471808;1277374,36248064;"IAV";0
17;3752908,96141814;752,255784052704;1246338,78279782;"IAV";0
18;3781524,64840474;1561,71483556134;1216913,63675971;"IAV";0
19;3806606,87339071;3344,93322832355;1190048,19338098;"IAV";0
20;3824755,75434777;7331,45128364921;1167912,7943686;"IAV";0
21;3828318,80105329;16255,0529174948;1155426,14602922;"IAV";0
22;3800808,50701321;35783,533779041;1163407,95920776;"IAV";0
23;3710446,93938643;75697,0322224033;1213856,02839117;"IAV";0
24;3510680,74068105;145507,162236754;1343812,09708221;"IAV";0
25;3173162,34091255;234787,847258899;1592049,81182856;"IAV";0
26;2751127,8619642;296074,228472247;1952797,90956357;"IAV";0
27;2366521,67006413;287993,790974914;2345484,53896097;"IAV";0
28;2100101,3907428;227542,170891296;2672356,43836591;"IAV";0
29;1953370,15277109;157072,245306102;2889557,60192282;"IAV";0
30;1893588,65780122;100537,118894176;3005874,22330462;"IAV";0
31;1888818,85747795;62015,3144994364;3049165,82802263;"IAV";0
32;1916805,3273811;37698,1758476357;3045496,49677127;"IAV";0
33;1963672,19003173;22855,2227240576;3013472,58724422;"IAV";0
34;2021099,22586335;13901,129154613;2964999,64498205;"IAV";0
35;2084156,04806163;8503,60899743659;2907340,34294094;"IAV";0
36;2149923,06579576;5235,61495689074;2844841,31924736;"IAV";0
37;2216666,97203813;3244,25069325833;2780088,77726862;"IAV";0
38;2283356,91755599;2022,61308908478;2714620,46935493;"IAV";0
39;2349381,04368642;1268,4538334428;2649350,50248015;"IAV";0
40;2414379,601527;800,273699200633;2584820,12477381;"IAV";0
41;2478145,76652109;508,186980046264;2521346,04649888;"IAV";0
42;2540566,01618464;325,123844436744;2459108,85997093;"IAV";0
43;2601584,01319499;209,868264985323;2398206,11854003;"IAV";0
44;2661178,49387507;136,948971868806;2338684,55715307;"IAV";0
45;2719349,66268876;90,5575182777748;2280559,77979297;"IAV";0
46;2776110,77561195;60,8506690715303;2223828,37371899;"IAV";0
47;2831482,91886329;41,6833050346268;2168475,39783168;"IAV";0
48;2885491,76425674;29,2096594684816;2114479,0260838;"IAV";0
49;2938165,55462692;21,0171827138777;2061813,42819038;"IAV";0
50;2989533,85038271;15,588047634723;2010450,56156967;"IAV";0
51;3039626,75219654;11,9646341275749;1960361,28316934;"IAV";0
52;3088474,41865551;9,54156616526515;1911516,03977834;"IAV";0
53;3136106,76686706;7,93669325299475;1863885,29643969;"IAV";0
54;3182553,28573314;6,91155625264682;1817439,80271062;"IAV";0
55;3227842,91721326;6,32324324398589;1772150,7595435;"IAV";0
56;3272003,97617195;6,09684171121176;1727989,92698635;"IAV";0
57;3315064,08755199;6,21262138882743;1684929,69982663;"IAV";0
58;3357050,12229398;6,7058860736581;1642943,17181995;"IAV";0
59;3397988,11039887;7,68125951328846;1602004,20834163;"IAV";0
60;3437903,09838584;9,34852552491337;1562087,55308864;"IAV";0
61;3476818,89263492;12,0966707173013;1523169,01069438;"IAV";0
62;3514757,57489124;16,6418862502438;1485225,78322252;"IAV";0
63;3551738,55772772;24,3261143033044;1448237,11615799;"IAV";0
64;3587776,69189668;37,7317879530651;1412185,57631538;"IAV";0
65;3622878,37022329;61,9791843094302;1377059,65059241;"IAV";0
66;3657033,28712824;107,534300980272;1342859,17857079;"IAV";0
67;3690196,58629068;196,419282348283;1309606,99442698;"IAV";0
68;3722249,27440364;376,231854424189;1277374,49374194;"IAV";0
69;3752908,81670075;752,26355137173;1246338,91974789;"IAV";0
70;3781524,4803166;1561,73147479329;1216913,78820862;"IAV";0
71;3806606,66058985;3344,96606738214;1190048,37334278;"IAV";0
72;3824755,43080127;7331,52361662786;1167913,04558211;"IAV";0
73;3828318,21182232;16255,2168809796;1155426,57129671;"IAV";0
74;3800807,40760707;35783,8840708328;1163408,70832211;"IAV";0
75;3710444,95513588;75697,6172756236;1213857,42758851;"IAV";0
76;3510677,47441839;145508,169540905;1343814,35604071;"IAV";0
77;3173154,95124547;234790,407266587;1592054,64148795;"IAV";0
78;2751121,32715785;296074,782354076;1952803,89048809;"IAV";0
79;2366516,51500884;287993,40078352;2345490,08420765;"IAV";0
80;2100098,16415367;227541,180575226;2672360,65527112;"IAV";0
81;1953368,33161242;157071,376407749;2889560,29197984;"IAV";0
82;1893587,77899442;100536,42947312;3005875,79153247;"IAV";0
83;1888818,57153589;62014,9204778201;3049166,5079863;"IAV";0
84;1916805,31708065;37697,91909853;3045496,76382083;"IAV";0
85;1963672,3904565;22855,0720563353;3013472,53748718;"IAV";0
86;2021099,55126765;13901,0438582633;2964999,4048741;"IAV";0
87;2084156,42310979;8503,55527733631;2907340,02161288;"IAV";0
88;2149923,47183247;5235,58211248428;2844840,94605506;"IAV";0
89;2216667,39759455;3244,23264202629;2780088,36976343;"IAV";0
90;2283357,34470018;2022,60142640056;2714620,05387343;"IAV";0
91;2349381,46974266;1268,44685191377;2649350,08340544;"IAV";0
92;2414380,0230764;800,269667533402;2584819,70725608;"IAV";0
93;2478146,18010351;508,184214655586;2521345,63568185;"IAV";0
94;2540566,42224073;325,122333941212;2459108,45542534;"IAV";0
95;2601584,41006562;209,867209456443;2398205,72272494;"IAV";0
96;2661178,88194629;136,94837693736;2338684,16967678;"IAV";0
97;2719350,04144188;90,5570871902906;2280559,40147094;"IAV";0
98;2776111,14540817;60,850424574797;2223828,00416726;"IAV";0
99;2831483,27962472;41,6831304656893;2168475,03724483;"IAV";0
100;2885492,11616116;29,2095349347242;2114478,67430391;"IAV";0
101;2938165,89790784;21,0171057042072;2061813,08498647;"IAV";0
102;2989534,18519844;15,5879957745101;2010450,22680579;"IAV";0
103;3039627,07872146;11,9645955705637;1960360,95668298;"IAV";0
104;3088474,73708385;9,54153580915133;1911515,72138035;"IAV";0
105;3136107,07739394;7,93666842699781;1863884,98593765;"IAV";0
106;3182553,58855099;6,91153504450336;1817439,49991398;"IAV";0
107;3227843,21251151;6,32322420846532;1772150,46426429;"IAV";0
108;3272004,26413688;6,0968236426593;1727989,63903949;"IAV";0
109;3315064,36836692;6,21260310646541;1684929,41902999;"IAV";0
110;3357050,39613978;6,7058661569107;1642942,89799408;"IAV";0
111;3397988,37745502;7,68123588385354;1602003,94130911;"IAV";0
112;3437903,35883262;9,34849467446545;1562087,29267271;"IAV";0
113;3476819,14665775;12,0966261577717;1523168,7567161;"IAV";0
114;3514757,82262331;16,6418385098717;1485225,53553819;"IAV";0
115;3551738,79929453;24,3260758396649;1448236,87462964;"IAV";0
116;3587776,92751056;37,7317454235675;1412185,34074402;"IAV";0
117;3622878,60027572;61,9790501844653;1377059,42067411;"IAV";0
118;3657033,51164356;107,53413204915;1342858,9542244;"IAV";0
119;3690196,80543063;196,419082159487;1309606,77548722;"IAV";0
120;3722249,48879217;376,231468279442;1277374,27973956;"IAV";0
121;3752909,02688723;752,262865670104;1246338,71024711;"IAV";0
122;3781524,68923119;1561,72953075135;1216913,58123807;"IAV";0
123;3806606,87000783;3344,96237302406;1190048,16761916;"IAV";0
124;3824755,63962335;7331,51866418467;1167912,84171248;"IAV";0
125;3828318,44385986;16255,2040543972;1155426,35208575;"IAV";0
126;3800807,66846318;35783,8590584056;1163408,47247842;"IAV";0
127;3710445,29434792;75697,5523163506;1213857,15333574;"IAV";0
128;3510678,02859182;145508,194659396;1343813,77674879;"IAV";0
129;3173156,15950811;234789,547100003;1592054,2933919;"IAV";0
130;2751121,48023523;296074,729696372;1952803,79006841;"IAV";0
131;2366516,82307433;287993,387395699;2345489,78952998;"IAV";0
132;2100098,2188731;227541,256588682;2672360,52453823;"IAV";0
133;1953368,38675938;157071,505156087;2889560,10808454;"IAV";0
134;1893587,80138725;100536,320250408;3005875,87836235;"IAV";0
135;1888818,47496611;62014,9945203096;3049166,53051359;"IAV";0
136;1916805,17269312;37697,9366514193;3045496,89065547;"IAV";0
137;1963672,18230076;22855,0713366118;3013472,74636264;"IAV";0
138;2021099,39122476;13901,055520621;2964999,55325463;"IAV";0
139;2084156,25510129;8503,56054273891;2907340,18435598;"IAV";0
140;2149923,29362522;5235,58015003506;2844841,12622476;"IAV";0
141;2216667,23345788;3244,23427605814;2780088,53226607;"IAV";0
142;2283357,18284065;2022,60214686919;2714620,21501249;"IAV";0
143;2349381,3090129;1268,44609894473;2649350,24488816;"IAV";0
144;2414379,86934876;800,270075725829;2584819,86057552;"IAV";0
145;2478146,02870597;508,183965191439;2521345,78732885;"IAV";0
146;2540566,27547644;325,122376577306;2459108,60214699;"IAV";0
147;2601584,26670658;209,867147816215;2398205,86614562;"IAV";0
148;2661178,74235816;136,948364942407;2338684,3092769;"IAV";0
149;2719349,90522948;90,5570389416584;2280559,53773159;"IAV";0
150;2776111,01277908;60,8504278167923;2223828,13679312;"IAV";0
151;2831483,15015174;41,6830848964821;2168475,16676338;"IAV";0
152;2885491,99001283;29,2095224972261;2114478,80046469;"IAV";0
153;2938165,77496805;21,0171076010553;2061813,20792436;"IAV";0
154;2989534,06533167;15,5879946247409;2010450,34667372;"IAV";0
155;3039626,96183722;11,9645917842287;1960361,07357101;"IAV";0
156;3088474,62310973;9,54153078622553;1911515,8353595;"IAV";0
157;3136106,96626309;7,93666322264232;1863885,0970737;"IAV";0
158;3182553,48019542;6,91152992872037;1817439,60827466;"IAV";0
159;3227843,10686355;6,32321910012502;1772150,56991736;"IAV";0
160;3272004,16113001;6,09681829747391;1727989,7420517;"IAV";0
161;3315064,26793637;6,2125971554243;1684929,51946649;"IAV";0
162;3357050,29822299;6,70585903053741;1642942,99591799;"IAV";0
163;3397988,28199227;7,6812266030145;1602004,03678114;"IAV";0
164;3437903,26576803;9,3484814218454;1562087,38575055;"IAV";0
165;3476819,05594097;12,0966054403868;1523168,8474536;"IAV";0
166;3514757,73421942;16,6418072273154;1485225,62397336;"IAV";0
167;3551738,71307738;24,3260542758987;1448236,96086835;"IAV";0
168;3587776,84350995;37,7317090616985;1412185,424781;"IAV";0
169;3622878,51850391;61,978972369984;1377059,50252372;"IAV";0
170;3657033,43218626;107,533973861384;1342859,03383988;"IAV";0
171;3690196,72808286;196,418903669861;1309606,85301348;"IAV";0
172;3722249,41396748;376,231111852716;1277374,35492068;"IAV";0
173;3752908,95559067;752,261962006199;1246338,78244734;"IAV";0
174;3781524,62435776;1561,72702457397;1216913,64861768;"IAV";0
175;3806606,81349233;3344,95754718259;1190048,22896049;"IAV";0
176;3824755,59758519;7331,50920688806;1167912,89320793;"IAV";0
177;3828318,44953371;16255,1790051126;1155426,37146118;"IAV";0
178;3800807,75307194;35783,8048674204;1163408,44206065;"IAV";0
179;3710445,53385849;75697,4419531448;1213857,02418837;"IAV";0
180;3510678,76291548;145508,031658055;1343813,20542647;"IAV";0
181;3173158,00933634;234788,222833694;1592053,76782997;"IAV";0
182;2751122,16747411;296074,554587193;1952803,27793871;"IAV";0
183;2366517,73550615;287993,32097611;2345488,94351775;"IAV";0
184;2100098,70266412;227541,408758795;2672359,88857709;"IAV";0
185;1953368,77784846;157071,723854119;2889559,49829743;"IAV";0
186;1893588,02918372;100536,334046016;3005875,63677027;"IAV";0
187;1888818,50013446;62015,071888275;3049166,42797727;"IAV";0
188;1916805,19356456;37697,9876811818;3045496,81875427;"IAV";0
189;1963672,12079658;22855,0933145491;3013472,78588888;"IAV";0
190;2021099,32469194;13901,0719147226;2964999,60339335;"IAV";0
191;2084156,18319522;8503,57251605321;2907340,24428874;"IAV";0
192;2149923,20859443;5235,58507462756;2844841,20633095;"IAV";0
193;2216667,14747982;3244,23743907899;2780088,61508111;"IAV";0
194;2283357,09821286;2022,60476890657;2714620,29701824;"IAV";0
195;2349381,22274896;1268,44699681192;2649350,33025424;"IAV";0
196;2414379,78540943;800,270955597281;2584819,94363498;"IAV";0
197;2478145,9459633;508,184451387536;2521345,86958532;"IAV";0
198;2540566,19428099;325,122621856218;2459108,68309717;"IAV";0
199;2601584,18749683;209,867364415377;2398205,94513876;"IAV";0
200;2661178,6648018;136,94844747343;2338684,38675073;"IAV";0
201;2719349,82961886;90,5571226960548;2280559,61325845;"IAV";0
202;2776110,93897843;60,8504770565915;2223828,21054453;"IAV";0
203;2831483,07809439;41,6831038522903;2168475,23880176;"IAV";0
204;2885491,9197821;29,2095503226155;2114478,87066758;"IAV";0
205;2938165,7064696;21,0171259856072;2061813,27640443;"IAV";0
206;2989533,99851475;15,5880040678273;2010450,41348119;"IAV";0
207;3039626,89666969;11,9645973399994;1960361,13873297;"IAV";0
208;3088474,55955435;9,54153472902463;1911515,89891093;"IAV";0
209;3136106,90428379;7,93666645126566;1863885,15904977;"IAV";0
210;3182553,4197551;6,9115328656966;1817439,66871204;"IAV";0
211;3227843,04792483;6,32322196901925;1772150,62885321;"IAV";0
212;3272004,10365567;6,09682127449072;1727989,79952307;"IAV";0
213;3315064,21188946;6,21260046376952;1684929,57551009;"IAV";0
214;3357050,24356677;6,7058630275403;1642943,05057021;"IAV";0
215;3397988,22868985;7,68123191217908;1602004,09007825;"IAV";0
216;3437903,21378145;9,34848919605788;1562087,43772937;"IAV";0
217;3476819,00522918;12,0966179434292;1523168,89815288;"IAV";0
218;3514757,68473377;16,641829182497;1485225,67343705;"IAV";0
219;3551738,66479277;24,3260910825875;1448237,00911616;"IAV";0
220;3587776,7965531;37,7316997893719;1412185,47174712;"IAV";0
221;3622878,47258588;61,9790023371691;1377059,54841179;"IAV";0
222;3657033,38759058;107,533937937062;1342859,07847149;"IAV";0
223;3690196,68432131;196,418964417406;1309606,89671428;"IAV";0
224;3722249,37102935;376,231260328544;1277374,39771033;"IAV";0
225;3752908,91393147;752,262015393581;1246338,82405315;"IAV";0
226;3781524,58456962;1561,72674353814;1216913,68868685;"IAV";0
227;3806606,77247592;3344,95801242252;1190048,26951167;"IAV";0
228;3824755,55536334;7331,51039375672;1167912,93424291;"IAV";0
229;3828318,41453296;16255,1781423527;1155426,4073247;"IAV";0
230;3800807,71185188;35783,7997674403;1163408,48838068;"IAV";0
231;3710445,44248033;75697,4619415865;1213857,09557809;"IAV";0
232;3510678,85207465;145507,961287814;1343813,18663755;"IAV";0
233;3173159,03407804;234786,960338753;1592054,00558321;"IAV";0
234;2751121,92517262;296074,472661597;1952803,60216579;"IAV";0
235;2366517,89006727;287993,211386553;2345488,89854619;"IAV";0
236;2100098,66813946;227541,447087984;2672359,88477256;"IAV";0
237;1953368,83649298;157071,788617763;2889559,37488926;"IAV";0
238;1893588,06486132;100536,295719608;3005875,63941908;"IAV";0
239;1888818,44705891;62015,084101259;3049166,46883984;"IAV";0
240;1916805,18102369;37697,9980021616;3045496,82097415;"IAV";0
241;1963672,08312936;22855,0948285093;3013472,82204214;"IAV";0
242;2021099,28686575;13901,0724262943;2964999,64070797;"IAV";0
243;2084156,15076161;8503,57447585169;2907340,27476255;"IAV";0
244;2149923,17357046;5235,58544863572;2844841,24098091;"IAV";0
245;2216667,11239548;3244,23725859515;2780088,65034593;"IAV";0
246;2283357,06542829;2022,60514927151;2714620,32942245;"IAV";0
247;2349381,18984264;1268,44695077376;2649350,3632066;"IAV";0
248;2414379,75360098;800,270995495875;2584819,97540353;"IAV";0
249;2478145,9149736;508,184495380631;2521345,90053103;"IAV";0
250;2540566,16386954;325,122577417978;2459108,71355305;"IAV";0
251;2601584,15802338;209,867387012694;2398205,97458961;"IAV";0
252;2661178,6359467;136,948422877846;2338684,41563043;"IAV";0
253;2719349,80157037;90,5571291914324;2280559,64130044;"IAV";0
254;2776110,91160644;60,8504736532682;2223828,23791992;"IAV";0
255;2831483,05139871;41,6830988253593;2168475,26550247;"IAV";0
256;2885491,89377798;29,2095523991198;2114478,89666963;"IAV";0
257;2938165,68111094;21,0171252803727;2061813,30176379;"IAV";0
258;2989533,97378414;15,5880018507341;2010450,43821401;"IAV";0
259;3039626,87255583;11,9645950611502;1960361,16284911;"IAV";0
260;3088474,53604204;9,54153282591865;1911515,92242514;"IAV";0
261;3136106,88135859;7,93666491188385;1863885,18197651;"IAV";0
262;3182553,39740257;6,91153161772915;1817439,69106582;"IAV";0
263;3227843,02613072;6,32322093387393;1772150,65064835;"IAV";0
264;3272004,08240599;6,09682039349486;1727989,82077363;"IAV";0
265;3315064,1911705;6,21259971389098;1684929,5962298;"IAV";0
266;3357050,22336505;6,70586244050223;1642943,07077252;"IAV";0
267;3397988,20899199;7,68123161400175;1602004,1097764;"IAV";0
268;3437903,19457389;9,3484894988437;1562087,45693662;"IAV";0
269;3476818,98649748;12,0966195616442;1523168,91688297;"IAV";0
270;3514757,66646099;16,6418337486474;1485225,69170527;"IAV";0
271;3551738,64696919;24,3261010635306;1448237,02692976;"IAV";0
272;3587776,77927347;37,7316756763318;1412185,48905087;"IAV";0
273;3622878,45568366;61,9789980161024;1377059,56531833;"IAV";0
274;3657033,37126114;107,533882878816;1342859,09485599;"IAV";0
275;3690196,66843882;196,418901351244;1309606,91265984;"IAV";0
276;3722249,3556639;376,231161773302;1277374,41317433;"IAV";0
277;3752908,89948845;752,261731879978;1246338,83877968;"IAV";0
278;3781524,57143512;1561,72613268207;1216913,7024322;"IAV";0
279;3806606,76056911;3344,95710365281;1190048,28232725;"IAV";0
280;3824755,54750949;7331,50822057455;1167912,94426995;"IAV";0
281;3828318,41582163;16255,1727559677;1155426,41142241;"IAV";0
282;3800807,72576457;35783,7876711322;1163408,48656431;"IAV";0
283;3710445,45717731;75697,4585069989;1213857,0843157;"IAV";0
284;3510678,91739086;145507,893491168;1343813,18911798;"IAV";0
285;3173159,47049242;234786,53584218;1592053,99366541;"IAV";0
286;2751121,97553056;296074,443533943;1952803,58093551;"IAV";0
287;2366518,05082891;287993,20223804;2345488,74693306;"IAV";0
288;2100098,71229098;227541,492496693;2672359,79521233;"IAV";0
289;1953368,87865255;157071,83232776;2889559,2890197;"IAV";0
290;1893588,0765309;100536,302054605;3005875,6214145;"IAV";0
291;1888818,41572068;62015,0976913855;3049166,48658795;"IAV";0
292;1916805,15701543;37698,0071579307;3045496,83582664;"IAV";0
293;1963672,0479702;22855,0986170315;3013472,85341278;"IAV";0
294;2021099,24926659;13901,074209402;2964999,67652401;"IAV";0
295;2084156,1146147;8503,57605815661;2907340,30932716;"IAV";0
296;2149923,13668809;5235,58613988134;2844841,27717204;"IAV";0
297;2216667,07562743;3244,23746775861;2780088,68690482;"IAV";0
298;2283357,02988657;2022,60542621361;2714620,36468723;"IAV";0
299;2349381,15480579;1268,44703045486;2649350,39816376;"IAV";0
300;2414379,71943391;800,271047820353;2584820,00951828;"IAV";0
301;2478145,88166059;508,184535850426;2521345,93380357;"IAV";0
302;2540566,13129811;325,122573131362;2459108,74612877;"IAV";0
303;2601584,12632133;209,867400477368;2398206,0062782;"IAV";0
304;2661178,60499196;136,948417079523;2338684,44659097;"IAV";0
305;2719349,77141672;90,5571324637211;2280559,67145083;"IAV";0
306;2776110,88219369;60,8504718468138;2223828,26733447;"IAV";0
307;2831483,02272118;41,6830972835566;2168475,29418155;"IAV";0
308;2885491,86582352;29,2095526274861;2114478,92462387;"IAV";0
309;2938165,65385247;21,0171244242982;2061813,32902312;"IAV";0
310;2989533,94720462;15,5880006695007;2010450,46479472;"IAV";0
311;3039626,84663978;11,9645939213905;1960361,18876631;"IAV";0
312;3088474,51077289;9,54153182621432;1911515,94769529;"IAV";0
313;3136106,85672029;7,93666403129271;1863885,20661569;"IAV";0
314;3182553,37337942;6,91153082091332;1817439,71508977;"IAV";0
315;3227843,0027074;6,32322018274595;1772150,67407243;"IAV";0
316;3272004,05956758;6,09681965161137;1727989,84361278;"IAV";0
317;3315064,16890247;6,21259894736112;1684929,61849859;"IAV";0
318;3357050,20165329;6,70586161795587;1642943,0924851;"IAV";0
319;3397988,1876704;7,68138279541988;1602004,13094682;"IAV";0,025
320;3437902,49383443;9,75185851598678;1562087,75430707;"IAV";-0,0167857142857143
321;3476818,11187597;12,2524410984678;1523169,63568294;"IAV";0,0153571428571429
322;3514755,68565612;17,3357228915426;1485226,978621;"IAV";0,0264285714285714
323;3551733,00757219;26,6307491594077;1448240,36167866;"IAV";0,0210714285714286
324;3587762,87066037;43,0235548612136;1412194,10578478;"IAV";-0,252142857142857
325;3622898,15777071;42,7040025266967;1377059,13822677;"IAV";-0,468214285714286
326;3657183,29365858;28,3542664895083;1342788,35207495;"IAV";-0,506785714285714
327;3690628,63366157;17,8387941854084;1309353,52754426;"IAV";-0,515357142857143
328;3723249,043818;11,2835658862859;1276739,67261613;"IAV";-0,515357142857143
329;3755061,64179621;7,28958842520719;1244931,06861537;"IAV";-0,480357142857143
330;3786083,90624868;5,18888692592463;1213910,90486441;"IAV";-0,452857142857143
331;3816334,47547172;3,9996604082862;1183661,52486789;"IAV";-0,413214285714286
332;3845831,74742042;3,42890830003844;1154164,82367129;"IAV";-0,388928571428571
333;3874594,15576543;3,14907273643806;1125402,69516184;"IAV";-0,360357142857143
334;3902639,65330128;3,12153599151866;1097357,22516274;"IAV";-0,305
335;3929985,38991298;3,54550634312817;1070011,06458069;"IAV";-0,284642857142857
336;3956648,4542322;4,23370488190584;1043347,31206292;"IAV";-0,263214285714286
337;3982645,26089409;5,30598076634719;1017349,43312515;"IAV";-0,231428571428571
338;4007991,23584177;7,11881237843068;992001,645345863;"IAV";-0,229285714285714
339;4032701,77127826;9,49638434439332;967288,73233741;"IAV";-0,227142857142857
340;4056791,66983506;12,5443472711886;943195,785817678;"IAV";-0,21
341;4080274,28762013;16,9127808247597;919708,799599055;"IAV";-0,202857142857143
342;4103162,6563537;22,6582610154277;896814,685385295;"IAV";-0,207857142857143
343;4125470,35097831;29,2720043596677;874500,377017342;"IAV";-0,201071428571429
344;4147209,58554657;37,3122872212426;852753,102166219;"IAV";-0,226071428571429
345;4168397,51444766;43,7559434293495;831558,729608925;"IAV";-0,201785714285714
346;4189043,88738791;52,3602104117792;810903,752401693;"IAV";-0,202857142857143
347;4209163,36445345;60,5425072570749;790776,093039301;"IAV";-0,199642857142857
348;4228769,867801;68,2190040277602;771161,913194986;"IAV";-0,185
349;4247874,8202473;76,6282121844828;752048,55154053;"IAV";-0,225357142857143
350;4266504,6264289;77,1197805136742;733418,253790594;"IAV";-0,201785714285714
351;4284667,12481033;78,8905375187383;715253,984652162;"IAV";-0,207142857142857
352;4302379,33931573;77,7631805966499;697542,897503681;"IAV";-0,21
353;4319655,68027691;74,431743044063;680269,887980058;"IAV";-0,22
354;4336511,03753775;68,5102273277926;663420,452234931;"IAV";-0,274285714285714
355;4352966,54557214;56,2640519229468;646977,190375954;"IAV";-0,236071428571429
356;4369021,76962249;48,8603079193246;630929,370069604;"IAV";-0,225357142857143
357;4384685,50649861;42,8700123155367;615271,623489087;"IAV";-0,245
358;4399969,12434571;36,1909791137757;599994,684675189;"IAV";-0,253928571428571
359;4414880,86852702;30,0908076900795;585089,040665299;"IAV";-0,262857142857143
360;4429428,80984371;24,7552463337573;570546,43490997;"IAV";-0,271428571428571
361;4443620,71014645;20,2636981540703;556359,026155409;"IAV";-0,266428571428571
362;4457463,5096422;16,9781731138507;542519,512184703;"IAV";-0,271785714285714
363;4470965,05597274;14,357432842765;529020,586594431;"IAV";-0,273928571428571
364;4484132,90544889;12,3716450149084;515854,722906103;"IAV";-0,358928571428571
365;4496977,46424214;9,32212426086075;503013,21363361;"IAV";-0,442857142857143
366;4509506,75923404;6,13452676325566;490487,106239213;"IAV";-0,368928571428571
367;4521725,21317962;4,79885247358295;478269,987967921;"IAV";-0,392142857142857
368;4533640,72156288;3,69772992767002;466355,580707206;"IAV";-0,395
369;4545260,30618078;2,92785116636627;454736,765968073;"IAV";-0,395357142857143
370;4556591,00897032;2,39793006602329;443406,593099631;"IAV";-0,383928571428571
371;4567639,70603765;2,08740433010907;432358,206558035;"IAV";-0,363571428571429
372;4578413,13697899;1,9749361929138;421584,888084831;"IAV";-0,353571428571429
373;4588917,99519537;1,98809305536563;411080,016711589;"IAV";-0,312857142857143
374;4599160,50255821;2,2930920262981;400837,204349772;"IAV";-0,308928571428571
375;4609146,95117055;2,78031083706839;390850,268518628;"IAV";-0,279285714285714
376;4618882,90058132;3,77691274143617;381113,32250595;"IAV";-0,268928571428571
377;4628373,50365475;5,47702085102999;371621,019324415;"IAV";-0,254642857142857
378;4637622,70118259;8,55015996605895;362368,74865746;"IAV";-0,271428571428571
379;4646634,05582809;13,2162025231618;353352,727969402;"IAV";-0,303571428571429
380;4655411,33731748;19,3076028952261;344569,355079637;"IAV";-0,297142857142857
381;4663953,91188389;29,4255134236487;336016,662602702;"IAV";-0,299285714285714
382;4672258,2328199;45,5400912051427;327696,227088913;"IAV";-0,284285714285714
383;4680309,47453724;74,7012882795279;319615,824174491;"IAV";-0,269285714285714
384;4688073,61468234;129,355879264056;311797,029438408;"IAV";-0,246785714285714
385;4695468,32484413;240,393625833319;304291,281530055;"IAV";-0,2325
386;4702321,41836752;466,011701196633;297212,569931302;"IAV";-0,255357142857143
387;4708406,13963243;844,579164088023;290749,281203495;"IAV";-0,198571428571429
388;4712855,93745153;1778,91519600655;285365,147352476;"IAV";-0,1925
389;4714067,84916837;3751,84295305929;282180,307878582;"IAV";-0,173214285714286
390;4708270,72941414;8150,36531040827;283578,905275463;"IAV";-0,184285714285714
391;4689181,84956857;16618,0028350352;294200,147596413;"IAV";-0,1925
392;4646654,10932161;31697,7619594653;321648,128718937;"IAV";-0,162142857142857
393;4557962,46860199;61358,2859467216;380679,245451301;"IAV";-0,157142857142857
394;4395259,3968494;109261,146511232;495479,45663938;"IAV";-0,150357142857143
395;4136323,61255843;172502,538359657;691173,84908193;"IAV";-0,1475
396;3795877,3928575;229484,908718122;974637,698424392;"IAV";-0,16
397;3446779,83615689;245564,108591927;1307656,0552512;"IAV";-0,141785714285714
398;3143242,44116367;227056,391084495;1629701,16775185;"IAV";-0,132857142857143
399;2920695,90303533;183902,963313063;1895401,13365163;"IAV";-0,129642857142857
400;2781823,32664182;134544,282918762;2083632,39043943;"IAV";-0,115
401;2707321,09476772;93354,1461017621;2199324,75913053;"IAV";-0,158214285714286
402;2686016,28920693;58674,8076528545;2255308,90314023;"IAV";-0,129285714285714
403;2693848,83125146;37200,2821108261;2268950,88663773;"IAV";-0,127142857142857
404;2720357,61429252;23265,7540426022;2256376,63166489;"IAV";-0,128928571428571
405;2758109,12409789;14396,8062769013;2227494,06962523;"IAV";-0,118571428571429
406;2802054,53823095;8983,58952761785;2188961,87224145;"IAV";-0,176785714285714
407;2850080,15116843;5242,77271062114;2144677,07612097;"IAV";-0,13
408;2899374,95018909;3244,56807062711;2097380,4817403;"IAV";-0,126071428571429
409;2949032,49688316;2031,80702014179;2048935,69609671;"IAV";-0,134285714285714
410;2998460,2114822;1273,21248737787;2000266,57603044;"IAV";-0,148928571428571
411;3047293,34672733;795,076817977496;1951911,57645471;"IAV";-0,146785714285714
412;3095286,92095199;506,459473193169;1904206,61957484;"IAV";-0,138571428571429
413;3142310,94509703;332,916340633537;1857356,13856235;"IAV";-0,134285714285714
414;3188304,81724237;225,526486681656;1811469,65627096;"IAV";-0,146785714285714
415;3233248,26886561;154,68563060977;1766597,0455038;"IAV";-0,115
416;3277123,20136281;114,292254129463;1722762,50638307;"IAV";-0,209285714285714
417;3319960,50062027;76,8140718132697;1679962,68530794;"IAV";-0,345714285714286
418;3361778,70383499;43,9747534132783;1638177,32141162;"IAV";-0,308928571428571
419;3402574,24762242;27,454250321671;1597398,29812728;"IAV";-0,303928571428571
420;3442365,19990119;17,9096340609895;1557616,89046477;"IAV";-0,2975
421;3481171,68638464;12,2653397881166;1518816,04827559;"IAV";-0,261785714285714
422;3519014,63031431;9,2797018227472;1480976,08998389;"IAV";-0,242857142857143
423;3555916,54749576;7,57601291954267;1444075,87649134;"IAV";-0,206785714285714
424;3591899,43554964;6,90189888596815;1408093,66255149;"IAV";-0,216785714285714
425;3626986,02932509;6,48217097908452;1373007,48850395;"IAV";-0,227857142857143
426;3661198,40218693;6,25359862171234;1338795,34421446;"IAV";-0,196428571428571
427;3694557,18361698;6,72057549748781;1305436,09580754;"IAV";-0,202142857142857
428;3727083,29398932;7,48992024435908;1272909,21609045;"IAV";-0,191785714285714
429;3758796,41515458;8,92258147258058;1241194,66226397;"IAV";-0,181785714285714
430;3789715,27198347;11,3437682713172;1210273,38424827;"IAV";-0,175714285714286
431;3819857,36283033;15,2339703829814;1180127,40319931;"IAV";-0,160357142857143
432;3849237,49230247;21,9969527876006;1150740,51074476;"IAV";-0,171071428571429
433;3877869,46645181;32,1280536655893;1122098,40549454;"IAV";-0,193214285714286
434;3905766,17209485;46,0150175607927;1094187,81288761;"IAV";-0,114642857142857
435;3932911,35037705;81,2321257983555;1067007,41749717;"IAV";-0,0932142857142857
436;3959264,20955736;154,363908148622;1040581,42653451;"IAV";-0,0807142857142857
437;3984717,4445831;307,748269234478;1014974,80714769;"IAV";-0,0921428571428572
438;4009066,8019569;604,54836210815;990328,649681008;"IAV";-0,111785714285714
439;4031962,34230105;1140,49165806679;966897,166040905;"IAV";-0,0621428571428571
440;4052251,74654841;2424,08352844979;945324,169923158;"IAV";-0,0725
441;4067968,58362376;4991,25740090532;927040,158975351;"IAV";-0,06
442;4074680,21064616;10423,4284207475;914896,36093311;"IAV";-0,0589285714285714
443;4064085,39068658;21223,7335476616;914690,875765771;"IAV";-0,0767857142857143
444;4024484,73875759;39680,1227640471;935835,138478375;"IAV";-0,0717857142857143
445;3937430,25794189;70195,6594939545;992374,082564174;"IAV";-0,0639285714285714
446;3782376,63426132;114442,166894516;1103181,19884418;"IAV";-0,0675
447;3557181,79681232;161822,404200397;1280995,7989873;"IAV";-0,0660714285714286
448;3288528,15359921;195019,037084375;1516452,80931643;"IAV";-0,0867857142857143
449;3037863,2539665;192676,580437919;1769460,1655956;"IAV";-0,0675
450;2833183,3235005;170225,002700273;1996591,67379924;"IAV";-0,0517857142857143
451;2687441,72396044;137168,944841672;2175389,33119791;"IAV";-0,0514285714285714
452;2600645,97888983;101689,076138206;2297664,94497198;"IAV";-0,0339285714285714
453;2558525,68852692;72699,9183002393;2368774,39317286;"IAV";-0,0728571428571429
454;2554309,79208358;47843,8292994463;2397846,37861699;"IAV";-0,0442857142857143
455;2571862,63646566;31821,8816915586;2396315,48184279;"IAV";-0,0546428571428571
456;2604508,965726;20645,3202695451;2374845,71400447;"IAV";-0,0464285714285714
457;2646074,7472145;13431,2092972096;2340494,04348831;"IAV";-0,0328571428571429
458;2692729,01036027;8855,10544879391;2298415,88419096;"IAV";-0,1075
459;2743171,31574943;5382,20708735512;2251446,47716323;"IAV";0
460;2794305,64881102;3713,75849728365;2201980,59269172;"IAV";0
461;2845705,97665917;2587,72065129076;2151706,30268955;"IAV";0
462;2896866,0639809;1827,16600978826;2101306,77000933;"IAV";0
463;2947456,06645413;1312,30044821003;2051231,63309768;"IAV";0
464;2997264,73227474;962,483120763213;2001772,78460452;"IAV";0
465;3046159,62843844;723,814947951511;1953116,55661363;"IAV";0
466;3094060,42071398;560,46124223047;1905379,1180438;"IAV";0
467;3140921,00723013;448,712869198494;1858630,27990069;"IAV";0
468;3186717,5683095;372,991976606475;1812909,43971391;"IAV";0
469;3231440,50136935;323,214381630416;1768236,28424904;"IAV";0
470;3275088,84242824;293,095908534187;1724618,06166324;"IAV";0
471;3317666,18105507;279,129912910302;1682054,68903203;"IAV";0
472;3359177,30862405;280,078401589154;1640542,61297438;"IAV";0
473;3399624,91143477;296,925123167706;1600078,16344208;"IAV";0
474;3439005,50605799;333,361306251673;1560661,13263578;"IAV";0
475;3477303,42023662;397,057694641008;1522299,52206876;"IAV";0
476;3514480,72130773;502,306519880076;1485016,97217241;"IAV";0
477;3550459,07921173;675,274272095466;1448865,6465162;"IAV";0
478;3585085,50456524;964,483549617164;1413950,01188516;"IAV";0
479;3618065,35139842;1462,06999469458;1380472,5786069;"IAV";0
480;3648827,36723746;2347,78059400718;1348824,85216855;"IAV";0
481;3676246,15929144;3981,23615973394;1319772,60454885;"IAV";0
482;3698064,75636124;7095,69312354948;1294839,55051523;"IAV";0
483;3709701,38536742;13195,0487730659;1277103,56585954;"IAV";0
484;3701899,04457017;25298,4478738808;1272802,50755597;"IAV";0
485;3656725,58515125;48997,7052043948;1294276,70964437;"IAV";0
486;3543485,82221002;92519,837902846;1363994,33988715;"IAV";0
487;3324200,62153803;160790,269422566;1515009,10903943;"IAV";0
488;2987265,78512349;238481,681459439;1774252,53341709;"IAV";0
489;2592661,33642261;283702,945142226;2123635,71843518;"IAV";0
490;2244463,13591959;268623,420158076;2486913,44392235;"IAV";0
491;2004219,65091151;212164,499758038;2783615,84933047;"IAV";0
492;1870143,97725497;149084,279300132;2980771,74344492;"IAV";0
493;1814083,08721827;98323,2439416884;3087593,66884006;"IAV";0
494;1808635,30213179;63079,2996248517;3128285,39824337;"IAV";0
495;1834310,10766268;40216,0863922877;3125473,80594505;"IAV";0
496;1878642,61201852;25778,6579938856;3095578,72998761;"IAV";0
497;1933948,05304854;16707,5715753271;3049344,37537615;"IAV";0
498;1995526,7122531;10970,5964279851;2993502,69131893;"IAV";0
499;2060491,62982803;7297,32944034761;2932211,04073164;"IAV";0
500;2127052,21695859;4910,89552246611;2868036,88751897;"IAV";0
501;2194085,34878241;3337,45546355729;2802577,19575405;"IAV";0
502;2260879,74043431;2285,83581371484;2736834,423752;"IAV";0
503;2326981,98606616;1574,69126973475;2671443,32266412;"IAV";0
504;2392103,01046623;1089,22957086999;2606807,75996292;"IAV";0
505;2456060,24367056;755,494249428143;2543184,26208003;"IAV";0
506;2518741,2202796;524,977023158826;2480733,80269725;"IAV";0
507;2580080,28465592;365,32163279535;2419554,3937113;"IAV";0
508;2640043,38237148;254,623953696869;2359701,99367484;"IAV";0
509;2698617,93354737;177,875387873257;2301204,19106477;"IAV";0
510;2755805,97388997;124,700345188014;2244069,32576485;"IAV";0
511;2811619,45107105;87,8878160917437;2188292,66111287;"IAV";0
512;2866076,96191812;62,4155224470738;2133860,62255945;"IAV";0
513;2919201,47608633;44,7873981866104;2080753,7365155;"IAV";0
514;2971018,74622997;32,5757652220222;2028948,67800483;"IAV";0
515;3021556,20170036;24,1012309520132;1978419,69706871;"IAV";0
516;3070842,18269008;18,2072812340418;1929139,6100287;"IAV";0
517;3118905,41397411;14,1013711339274;1881080,48465477;"IAV";0
518;3165774,64646551;11,2433705217023;1834214,11016398;"IAV";0
519;3211478,4153237;9,26794815878406;1788512,31672816;"IAV";0
520;3256044,8774675;7,93128658821816;1743947,19124593;"IAV";0
